id ,name
1,1-1.jpg
2,1-2.jpg
3,1-3.jpg
4,2-1.jpg
5,2-2.jpg
6,2-3.jpg
7,3-1.jpg
8,3-2.jpg
9,3-3.jpg
10,4-1.jpg
11,4-2.jpg
12,4-3.jpg
13,5-1.jpg
14,5-2.jpg
15,5-3.jpg
16,6-1.jpg
17,6-2.jpg
18,6-3.jpg
19,7-1.jpg
20,7-2.jpg
21,7-3.jpg
22,8-1.jpg
23,8-2.jpg
24,8-3.jpg
25,9-1.jpg
26,9-2.jpg
27,9-3.jpg
28,10-1.jpg
29,10-2.jpg
30,10-3.jpg
31,11-1.jpg
32,11-2.jpg
33,11-3.jpg
34,12-1.jpg
35,12-2.jpg
36,12-3.jpg
37,13-1.jpg
38,13-2.jpg
39,13-3.jpg
40,14-1.jpg
41,14-2.jpg
42,14-3.jpg
43,15-1.jpg
44,15-2.jpg
45,15-3.jpg
46,16-1.jpg
47,16-2.jpg
48,16-3.jpg
49,17-1.jpg
50,17-2.jpg
51,17-3.jpg
52,18-1.jpg
53,18-2.jpg
54,19-1.jpg
55,19-2.jpg
56,19-3.jpg
57,20-1.jpg
58,20-2.jpg
59,20-3.jpg
60,21-1.jpg
61,21-2.jpg
62,21-3.jpg
63,22-1.jpg
64,22-2.jpg
65,22-3.jpg
66,23-1.jpg
67,23-2.jpg
68,23-3.jpg
69,24-1.jpg
70,24-2.jpg
71,24-3.jpg
72,25-1.jpg
73,25-2.jpg
74,25-3.jpg
75,26-1.jpg
76,26-2.jpg
77,26-3.jpg
78,27-1.jpg
79,27-2.jpg
80,27-3.jpg
81,28-1.jpg
82,28-2.jpg
83,28-3.jpg
84,29-1.jpg
85,29-2.jpg
86,29-3.jpg
87,30-1.jpg
88,30-2.jpg
89,30-3.jpg
90,31-1.jpg
91,31-2.jpg
92,31-3.jpg
93,32-1.jpg
94,32-2.jpg
95,32-3.jpg
96,33-1.jpg
97,33-2.jpg
98,33-3.jpg
99,34-1.jpg
100,34-2.jpg
101,34-3.jpg
102,35-1.jpg
103,35-2.jpg
104,35-3.jpg
105,36-1.jpg
106,36-2.jpg
107,36-3.jpg
108,37-1.jpg
109,37-2.jpg
110,37-3.jpg
111,38-1.jpg
112,38-2.jpg
113,38-3.jpg
114,39-1.jpg
115,39-2.jpg
116,39-3.jpg
117,40-1.jpg
118,40-2.jpg
119,40-3.jpg
120,41-1.jpg
121,41-2.jpg
122,41-3.jpg
123,42-1.jpg
124,42-2.jpg
125,42-3.jpg
126,43-1.jpg
127,43-2.jpg
128,43-3.jpg
129,44-1.jpg
130,44-2.jpg
131,45-1.jpg
132,45-2.jpg
133,45-3.jpg
134,46-1.jpg
135,46-2.jpg
136,47-1.jpg
137,47-2.jpg
138,48-1.jpg
139,48-2.jpg
140,48-3.jpg
141,49-1.jpg
142,49-2.jpg
143,49-3.jpg
144,50-1.jpg
145,51-1.jpg
146,51-2.jpg
147,51-3.jpg
148,52-1.jpg
149,52-2.jpg
150,52-3.jpg
151,53-1.jpg
152,53-2.jpg
153,53-3.jpg
154,54-1.jpg
155,54-2.jpg
156,54-3.jpg
157,55-1.jpg
158,55-2.jpg
159,55-3.jpg
160,56-1.jpg
161,56-2.jpg
162,56-3.jpg
163,57-1.jpg
164,57-2.jpg
165,58-1.jpg
166,58-2.jpg
167,58-3.jpg
168,59-1.jpg
169,59-2.jpg
170,59-3.jpg
171,60-1.jpg
172,60-2.jpg
173,60-3.jpg
